Date,Visitor/Neutral,PTS,Home/Neutral,PTS,Arena
Sun Dec 1 2024,Orlando Magic,100,Brooklyn Nets,92,Barclays Center
Sun Dec 1 2024,Indiana Pacers,121,Memphis Grizzlies,136,FedEx Forum
Sun Dec 1 2024,Boston Celtics,111,Cleveland Cavaliers,115,Rocket Mortgage Fieldhouse
Sun Dec 1 2024,New Orleans Pelicans,85,New York Knicks,118,Madison Square Garden (IV)
Sun Dec 1 2024,Miami Heat,116,Toronto Raptors,119,Scotiabank Arena
Sun Dec 1 2024,Oklahoma City Thunder,116,Houston Rockets,119,Toyota Center
Sun Dec 1 2024,Los Angeles Lakers,105,Utah Jazz,104,Delta Center
Sun Dec 1 2024,Dallas Mavericks,137,Portland Trail Blazers,131,Moda Center
Sun Dec 1 2024,San Antonio Spurs,127,Sacramento Kings,125,Golden 1 Center
Sun Dec 1 2024,Denver Nuggets,122,Los Angeles Clippers,126,Intuit Dome
Mon Dec 2 2024,New Orleans Pelicans,112,Atlanta Hawks,124,State Farm Arena
Mon Dec 2 2024,Miami Heat,89,Boston Celtics,108,TD Garden
Mon Dec 2 2024,Brooklyn Nets,102,Chicago Bulls,128,United Center
Mon Dec 2 2024,Los Angeles Lakers,80,Minnesota Timberwolves,109,Target Center
Tue Dec 3 2024,Philadelphia 76ers,110,Charlotte Hornets,104,Spectrum Center
Tue Dec 3 2024,Washington Wizards,87,Cleveland Cavaliers,118,Rocket Mortgage Fieldhouse
Tue Dec 3 2024,Milwaukee Bucks,128,Detroit Pistons,107,Little Caesars Arena
Tue Dec 3 2024,Orlando Magic,106,New York Knicks,121,Madison Square Garden (IV)
Tue Dec 3 2024,Indiana Pacers,111,Toronto Raptors,122,Scotiabank Arena
Tue Dec 3 2024,Utah Jazz,106,Oklahoma City Thunder,133,Paycom Center
Tue Dec 3 2024,Memphis Grizzlies,116,Dallas Mavericks,121,American Airlines Center
Tue Dec 3 2024,San Antonio Spurs,93,Phoenix Suns,104,Footprint Center
Tue Dec 3 2024,Golden State Warriors,115,Denver Nuggets,119,Ball Arena
Tue Dec 3 2024,Houston Rockets,111,Sacramento Kings,120,Golden 1 Center
Tue Dec 3 2024,Portland Trail Blazers,105,Los Angeles Clippers,127,Intuit Dome
Wed Dec 4 2024,Detroit Pistons,120,Boston Celtics,130,TD Garden
Wed Dec 4 2024,Indiana Pacers,90,Brooklyn Nets,99,Barclays Center
Wed Dec 4 2024,Los Angeles Lakers,93,Miami Heat,134,Kaseya Center
Wed Dec 4 2024,Orlando Magic,106,Philadelphia 76ers,102,Wells Fargo Center
Wed Dec 4 2024,Atlanta Hawks,119,Milwaukee Bucks,104,Fiserv Forum
Wed Dec 4 2024,Minnesota Timberwolves,108,Los Angeles Clippers,80,Intuit Dome
Thu Dec 5 2024,Denver Nuggets,114,Cleveland Cavaliers,126,Rocket Mortgage Fieldhouse
Thu Dec 5 2024,Dallas Mavericks,137,Washington Wizards,101,Capital One Arena
Thu Dec 5 2024,Charlotte Hornets,101,New York Knicks,125,Madison Square Garden (IV)
Thu Dec 5 2024,Oklahoma City Thunder,129,Toronto Raptors,92,Scotiabank Arena
Thu Dec 5 2024,Sacramento Kings,110,Memphis Grizzlies,115,FedEx Forum
Thu Dec 5 2024,Phoenix Suns,124,New Orleans Pelicans,126,Smoothie King Center
Thu Dec 5 2024,Chicago Bulls,139,San Antonio Spurs,124,Frost Bank Center
Thu Dec 5 2024,Houston Rockets,93,Golden State Warriors,99,Chase Center
Fri Dec 6 2024,Orlando Magic,94,Philadelphia 76ers,102,Wells Fargo Center
Fri Dec 6 2024,Los Angeles Lakers,132,Atlanta Hawks,134,State Farm Arena
Fri Dec 6 2024,Milwaukee Bucks,105,Boston Celtics,111,TD Garden
Fri Dec 6 2024,Indiana Pacers,132,Chicago Bulls,123,United Center
Fri Dec 6 2024,Sacramento Kings,140,San Antonio Spurs,113,Frost Bank Center
Fri Dec 6 2024,Minnesota Timberwolves,107,Golden State Warriors,90,Chase Center
Fri Dec 6 2024,Utah Jazz,141,Portland Trail Blazers,99,Moda Center
Sat Dec 7 2024,Cleveland Cavaliers,116,Charlotte Hornets,102,Spectrum Center
Sat Dec 7 2024,Oklahoma City Thunder,119,New Orleans Pelicans,109,Smoothie King Center
Sat Dec 7 2024,Denver Nuggets,113,Washington Wizards,122,Capital One Arena
Sat Dec 7 2024,Detroit Pistons,120,New York Knicks,111,Madison Square Garden (IV)
Sat Dec 7 2024,Dallas Mavericks,125,Toronto Raptors,118,Scotiabank Arena
Sat Dec 7 2024,Memphis Grizzlies,127,Boston Celtics,121,TD Garden
Sat Dec 7 2024,Phoenix Suns,111,Miami Heat,121,Kaseya Center
Sun Dec 8 2024,Philadelphia 76ers,108,Chicago Bulls,100,United Center
Sun Dec 8 2024,Milwaukee Bucks,118,Brooklyn Nets,113,Barclays Center
Sun Dec 8 2024,Charlotte Hornets,113,Indiana Pacers,109,Gainbridge Fieldhouse
Sun Dec 8 2024,Denver Nuggets,141,Atlanta Hawks,111,State Farm Arena
Sun Dec 8 2024,Cleveland Cavaliers,113,Miami Heat,122,Kaseya Center
Sun Dec 8 2024,Phoenix Suns,110,Orlando Magic,115,Kia Center
Sun Dec 8 2024,New Orleans Pelicans,116,San Antonio Spurs,121,Frost Bank Center
Sun Dec 8 2024,Memphis Grizzlies,140,Washington Wizards,112,Capital One Arena
Sun Dec 8 2024,Minnesota Timberwolves,106,Golden State Warriors,114,Chase Center
Sun Dec 8 2024,Houston Rockets,117,Los Angeles Clippers,106,Intuit Dome
Sun Dec 8 2024,Utah Jazz,97,Sacramento Kings,141,Golden 1 Center
Sun Dec 8 2024,Portland Trail Blazers,98,Los Angeles Lakers,107,Crypto.com Arena
Mon Dec 9 2024,New York Knicks,113,Toronto Raptors,108,Scotiabank Arena
Tue Dec 10 2024,Orlando Magic,109,Milwaukee Bucks,114,Fiserv Forum
Tue Dec 10 2024,Dallas Mavericks,104,Oklahoma City Thunder,118,Paycom Center
Wed Dec 11 2024,Atlanta Hawks,108,New York Knicks,100,Madison Square Garden (IV)
Wed Dec 11 2024,Golden State Warriors,90,Houston Rockets,91,Toyota Center
Thu Dec 12 2024,Detroit Pistons,99,Boston Celtics,123,TD Garden
Thu Dec 12 2024,Toronto Raptors,104,Miami Heat,114,Kaseya Center
Thu Dec 12 2024,Sacramento Kings,111,New Orleans Pelicans,109,Smoothie King Center
Fri Dec 13 2024,Washington Wizards,105,Cleveland Cavaliers,115,Rocket Mortgage Fieldhouse
Fri Dec 13 2024,Indiana Pacers,121,Philadelphia 76ers,107,Wells Fargo Center
Fri Dec 13 2024,Charlotte Hornets,95,Chicago Bulls,109,United Center
Fri Dec 13 2024,Brooklyn Nets,119,Memphis Grizzlies,135,FedEx Forum
Fri Dec 13 2024,Los Angeles Lakers,87,Minnesota Timberwolves,97,Target Center
Fri Dec 13 2024,Los Angeles Clippers,98,Denver Nuggets,120,Ball Arena
Fri Dec 13 2024,Phoenix Suns,134,Utah Jazz,126,Delta Center
Fri Dec 13 2024,San Antonio Spurs,118,Portland Trail Blazers,116,Moda Center
Sat Dec 14 2024,Atlanta Hawks,102,Milwaukee Bucks,110,T-Mobile Arena
Sat Dec 14 2024,Houston Rockets,96,Oklahoma City Thunder,111,T-Mobile Arena
Sun Dec 15 2024,New Orleans Pelicans,104,Indiana Pacers,119,Gainbridge Fieldhouse
Sun Dec 15 2024,New York Knicks,100,Orlando Magic,91,Kia Center
Sun Dec 15 2024,Boston Celtics,112,Washington Wizards,98,Capital One Arena
Sun Dec 15 2024,Minnesota Timberwolves,106,San Antonio Spurs,92,Frost Bank Center
Sun Dec 15 2024,Portland Trail Blazers,109,Phoenix Suns,116,Footprint Center
Sun Dec 15 2024,Dallas Mavericks,143,Golden State Warriors,133,Chase Center
Sun Dec 15 2024,Memphis Grizzlies,110,Los Angeles Lakers,116,Crypto.com Arena
Mon Dec 16 2024,Philadelphia 76ers,121,Charlotte Hornets,108,Spectrum Center
Mon Dec 16 2024,Miami Heat,124,Detroit Pistons,125,Little Caesars Arena
Mon Dec 16 2024,Cleveland Cavaliers,130,Brooklyn Nets,101,Barclays Center
Mon Dec 16 2024,Chicago Bulls,122,Toronto Raptors,121,Scotiabank Arena
Mon Dec 16 2024,Denver Nuggets,130,Sacramento Kings,129,Golden 1 Center
Mon Dec 16 2024,Utah Jazz,107,Los Angeles Clippers,144,Intuit Dome
Tue Dec 17 2024,Milwaukee Bucks,97,Oklahoma City Thunder,81,T-Mobile Arena
Thu Dec 19 2024,Utah Jazz,126,Detroit Pistons,119,Little Caesars Arena
Thu Dec 19 2024,Oklahoma City Thunder,105,Orlando Magic,99,Kia Center
Thu Dec 19 2024,Charlotte Hornets,114,Washington Wizards,123,Capital One Arena
Thu Dec 19 2024,Chicago Bulls,117,Boston Celtics,108,TD Garden
Thu Dec 19 2024,Brooklyn Nets,101,Toronto Raptors,94,Scotiabank Arena
Thu Dec 19 2024,New Orleans Pelicans,113,Houston Rockets,133,Toyota Center
Thu Dec 19 2024,Golden State Warriors,93,Memphis Grizzlies,144,FedEx Forum
Thu Dec 19 2024,Atlanta Hawks,126,San Antonio Spurs,133,Frost Bank Center
Thu Dec 19 2024,Los Angeles Clippers,118,Dallas Mavericks,95,American Airlines Center
Thu Dec 19 2024,Indiana Pacers,120,Phoenix Suns,111,Footprint Center
Thu Dec 19 2024,New York Knicks,133,Minnesota Timberwolves,107,Target Center
Thu Dec 19 2024,Denver Nuggets,124,Portland Trail Blazers,126,Moda Center
Thu Dec 19 2024,Los Angeles Lakers,113,Sacramento Kings,100,Golden 1 Center
Fri Dec 20 2024,Charlotte Hornets,98,Philadelphia 76ers,108,Wells Fargo Center
Fri Dec 20 2024,Milwaukee Bucks,101,Cleveland Cavaliers,124,Rocket Mortgage Fieldhouse
Fri Dec 20 2024,Oklahoma City Thunder,104,Miami Heat,97,Kaseya Center
Sat Dec 21 2024,Los Angeles Lakers,103,Sacramento Kings,99,Golden 1 Center
Sat Dec 21 2024,Miami Heat,114,Orlando Magic,121,Kia Center
Sat Dec 21 2024,Memphis Grizzlies,128,Atlanta Hawks,112,State Farm Arena
Sat Dec 21 2024,Utah Jazz,105,Brooklyn Nets,94,Barclays Center
Sat Dec 21 2024,Boston Celtics,123,Chicago Bulls,98,United Center
Sat Dec 21 2024,Philadelphia 76ers,99,Cleveland Cavaliers,126,Rocket Mortgage Fieldhouse
Sat Dec 21 2024,Washington Wizards,101,Milwaukee Bucks,112,Fiserv Forum
Sat Dec 21 2024,Golden State Warriors,113,Minnesota Timberwolves,103,Target Center
Sat Dec 21 2024,New York Knicks,104,New Orleans Pelicans,93,Smoothie King Center
Sat Dec 21 2024,Los Angeles Clippers,97,Dallas Mavericks,113,American Airlines Center
Sat Dec 21 2024,Portland Trail Blazers,94,San Antonio Spurs,114,Frost Bank Center
Sat Dec 21 2024,Detroit Pistons,133,Phoenix Suns,125,Footprint Center
Sun Dec 22 2024,Indiana Pacers,122,Sacramento Kings,95,Golden 1 Center
Sun Dec 22 2024,Houston Rockets,114,Toronto Raptors,110,Scotiabank Arena
Sun Dec 22 2024,Denver Nuggets,132,New Orleans Pelicans,129,Smoothie King Center
Mon Dec 23 2024,Houston Rockets,114,Charlotte Hornets,101,Spectrum Center
Mon Dec 23 2024,Utah Jazz,113,Cleveland Cavaliers,124,Rocket Mortgage Fieldhouse
Mon Dec 23 2024,Boston Celtics,104,Orlando Magic,108,Kia Center
Mon Dec 23 2024,San Antonio Spurs,106,Philadelphia 76ers,111,Wells Fargo Center
Mon Dec 23 2024,Minnesota Timberwolves,104,Atlanta Hawks,117,State Farm Arena
Mon Dec 23 2024,Brooklyn Nets,95,Miami Heat,110,Kaseya Center
Mon Dec 23 2024,Toronto Raptors,125,New York Knicks,139,Madison Square Garden (IV)
Mon Dec 23 2024,Milwaukee Bucks,112,Chicago Bulls,91,United Center
Mon Dec 23 2024,Los Angeles Clippers,114,Memphis Grizzlies,110,FedEx Forum
Mon Dec 23 2024,Washington Wizards,105,Oklahoma City Thunder,123,Paycom Center
Mon Dec 23 2024,Portland Trail Blazers,108,Dallas Mavericks,132,American Airlines Center
Mon Dec 23 2024,Phoenix Suns,90,Denver Nuggets,117,Ball Arena
Mon Dec 23 2024,Indiana Pacers,111,Golden State Warriors,105,Chase Center
Mon Dec 23 2024,Detroit Pistons,117,Los Angeles Lakers,114,Crypto.com Arena
Wed Dec 25 2024,San Antonio Spurs,114,New York Knicks,117,Madison Square Garden (IV)
Wed Dec 25 2024,Minnesota Timberwolves,105,Dallas Mavericks,99,American Airlines Center
Wed Dec 25 2024,Philadelphia 76ers,118,Boston Celtics,114,TD Garden
Wed Dec 25 2024,Los Angeles Lakers,115,Golden State Warriors,113,Chase Center
Wed Dec 25 2024,Denver Nuggets,100,Phoenix Suns,110,Footprint Center
Thu Dec 26 2024,Oklahoma City Thunder,120,Indiana Pacers,114,Gainbridge Fieldhouse
Thu Dec 26 2024,Miami Heat,89,Orlando Magic,88,Kia Center
Thu Dec 26 2024,Charlotte Hornets,110,Washington Wizards,113,Capital One Arena
Thu Dec 26 2024,Chicago Bulls,133,Atlanta Hawks,141,State Farm Arena
Thu Dec 26 2024,Toronto Raptors,126,Memphis Grizzlies,155,FedEx Forum
Thu Dec 26 2024,Brooklyn Nets,111,Milwaukee Bucks,105,Fiserv Forum
Thu Dec 26 2024,Houston Rockets,128,New Orleans Pelicans,111,Smoothie King Center
Thu Dec 26 2024,Utah Jazz,120,Portland Trail Blazers,122,Moda Center
Thu Dec 26 2024,Detroit Pistons,114,Sacramento Kings,113,Golden 1 Center
Fri Dec 27 2024,New York Knicks,108,Orlando Magic,85,Kia Center
Fri Dec 27 2024,Indiana Pacers,105,Boston Celtics,142,TD Garden
Fri Dec 27 2024,San Antonio Spurs,96,Brooklyn Nets,87,Barclays Center
Fri Dec 27 2024,Minnesota Timberwolves,113,Houston Rockets,112,Toyota Center
Fri Dec 27 2024,Memphis Grizzlies,132,New Orleans Pelicans,124,Smoothie King Center
Fri Dec 27 2024,Cleveland Cavaliers,149,Denver Nuggets,135,Ball Arena
Fri Dec 27 2024,Dallas Mavericks,98,Phoenix Suns,89,Footprint Center
Fri Dec 27 2024,Golden State Warriors,92,Los Angeles Clippers,102,Intuit Dome
Sat Dec 28 2024,Miami Heat,110,Atlanta Hawks,120,State Farm Arena
Sat Dec 28 2024,Oklahoma City Thunder,106,Charlotte Hornets,94,Spectrum Center
Sat Dec 28 2024,New York Knicks,136,Washington Wizards,132,Capital One Arena
Sat Dec 28 2024,Milwaukee Bucks,111,Chicago Bulls,116,United Center
Sat Dec 28 2024,Phoenix Suns,105,Golden State Warriors,109,Chase Center
Sat Dec 28 2024,Detroit Pistons,121,Denver Nuggets,134,Ball Arena
Sat Dec 28 2024,Philadelphia 76ers,114,Utah Jazz,111,Delta Center
Sat Dec 28 2024,Dallas Mavericks,122,Portland Trail Blazers,126,Moda Center
Sat Dec 28 2024,Sacramento Kings,122,Los Angeles Lakers,132,Crypto.com Arena
Sun Dec 29 2024,Brooklyn Nets,101,Orlando Magic,102,Kia Center
Sun Dec 29 2024,Indiana Pacers,123,Boston Celtics,114,TD Garden
Sun Dec 29 2024,Atlanta Hawks,136,Toronto Raptors,107,Scotiabank Arena
Sun Dec 29 2024,Miami Heat,104,Houston Rockets,100,Toyota Center
Sun Dec 29 2024,Memphis Grizzlies,106,Oklahoma City Thunder,130,Paycom Center
Sun Dec 29 2024,San Antonio Spurs,110,Minnesota Timberwolves,112,Target Center
Mon Dec 30 2024,Chicago Bulls,115,Charlotte Hornets,108,Spectrum Center
Mon Dec 30 2024,New York Knicks,126,Washington Wizards,106,Capital One Arena
Mon Dec 30 2024,Los Angeles Clippers,116,New Orleans Pelicans,113,Smoothie King Center
Mon Dec 30 2024,Denver Nuggets,132,Utah Jazz,121,Delta Center
Mon Dec 30 2024,Cleveland Cavaliers,113,Golden State Warriors,95,Chase Center
Mon Dec 30 2024,Philadelphia 76ers,125,Portland Trail Blazers,103,Moda Center
Mon Dec 30 2024,Dallas Mavericks,100,Sacramento Kings,110,Golden 1 Center
Tue Dec 31 2024,Toronto Raptors,,Boston Celtics,,TD Garden
Tue Dec 31 2024,Milwaukee Bucks,,Indiana Pacers,,Gainbridge Fieldhouse
Tue Dec 31 2024,Los Angeles Clippers,,San Antonio Spurs,,Frost Bank Center
Tue Dec 31 2024,Minnesota Timberwolves,,Oklahoma City Thunder,,Paycom Center
Tue Dec 31 2024,Cleveland Cavaliers,,Los Angeles Lakers,,Crypto.com Arena
Tue Dec 31 2024,Memphis Grizzlies,,Phoenix Suns,,Footprint Center